"DISTRICT","ZIPCODE","LATITUDE","LONGITUDE","ECONOMIC_NEED_INDX","INCOME","PCT_ELL","PCT_ASIAN","PCT_BLACK","PCT_HISPANIC","PCT_WHITE","PCT_ATTENDANCE","PCT_ABSENCES","PCT_RIGOROUS","PCT_COLLABORATIVE","PCT_SUPPORTIVE","PCT_EFFECTIVE","PCT_FAMILY_TIES","PCT_TRUST","PCT_4S_UNDRRP","PCT_4S_ECNDSV","SPHS_APPLICANTS","ELA_PROF","MATH_PROF","CLASS_SIZE","PTRATIO","PCT_FEMALE","SPHS_TESTERS","SPHS_OFFERS","SPHS_FEEDER"
6,10032,40.836912,-73.937412,83.4,41480.6679737991,36,1,12,85,1,87,43,91,87,88,86,84,90,0,0,94,1.98,1.97,18.82,8.4,42.7947598253275,9,0,1
21,11223,40.598888,-73.974233,70.7,47946.7266841882,3,9,40,32,16,95,28,86,89,82,85,84,92,2.38095238095238,7.14285714285714,90,2.52,2.81,21.4758576188091,13.157730591215,44.3125618199802,22,2,0
23,11233,40.678113,-73.915211,68.5,85552.4192857143,1,1,90,8,1,92,23,87,87,85,86,82,93,5.35714285714286,3.57142857142857,87,2.27,2.3,27.2444444444444,15,0,12,1,0
6,10040,40.86082,-73.930066,70.8,34341.7849767442,5,1,5,92,2,95,10,85,79,88,67,71,84,0,8.97435897435897,89,2.78,3,20.9824561403509,15.4,54.6511627906977,13,2,0
5,10039,40.831496,-73.936154,90.3,23035.78,9,1,50,48,1,90,39,91,89,85,81,80,90,0,0,67,2.19,2.19,20.4864864864865,11.5,51.1346444780635,8,0,1
30,11102,40.768259,-73.922754,25.9,66603.51,1,45,6,9,31,96,4,94,97,95,95,93,99,0,22.7272727272727,41,3.73,3.99,23.6666666666667,18.2,50.54704595186,39,25,0
2,10003,40.73854,-73.989485,46.8,56095.12,0,36,25,16,19,96,7,98,98,92,94,84,95,0,5,25,3.21,3.65,22.3333333333333,15.4,49.645390070922,15,4,0
26,11361,40.756375,-73.77232,27.4,83295.7285136922,6,61,5,14,20,97,5,88,91,83,85,72,90,0,23.7179487179487,382,3.15,3.46,28.8502415458937,17.6,46.5533522190746,236,110,0
19,11239,40.646471,-73.881132,66.9,50875.0824049931,2,2,69,26,3,92,30,81,85,82,80,77,87,1.94174757281553,3.88349514563107,110,2.49,2.3,23.6813186813187,15.9,45.1428571428571,21,1,0
6,10032,40.839408,-73.935772,78,33657.2030681818,13,0,12,86,1,96,8,91,96,90,92,89,96,0,18.75,82,2.56,2.86,24.6046903263031,13.9676359558504,50.6060606060606,19,4,0
25,11366,40.724191,-73.80937,60.9,48267.6736075555,18,33,28,25,11,92,28,80,79,85,73,71,87,0,10.5691056910569,159,2.4,2.44,23.2753623188406,14.4,48.3709273182957,41,5,0
7,10451,40.818739,-73.927164,76.9,29416.51,9,1,28,67,1,96,9,91,92,78,86,83,90,2.63157894736842,10.5263157894737,43,2.69,2.81,27.516913443,14.7054361851899,100,22,4,0
31,10312,40.52409,-74.186183,23.9,82286.8677797249,1,4,1,7,88,94,15,94,93,88,84,76,91,0,4.4973544973545,394,3.1,3.22,30.5688622754491,16.4,50.816852966466,129,32,0
4,10029,40.785027,-73.942008,70.8,43221.7056633444,2,5,36,51,7,93,23,88,88,86,80,79,88,4.76190476190476,2.38095238095238,55,2.64,2.7,24.4666666666667,13.9,47.093023255814,14,2,0
13,11238,40.67627,-73.969722,76.4,41633.701484472,1,2,83,13,1,93,21,90,93,83,91,81,89,2.89855072463768,2.89855072463768,74,2.73,2.47,22.7551020408163,13.8,47.3214285714286,35,2,0
25,11365,40.73106,-73.805449,53.1,47345.33,6,13,23,46,16,94,18,89,92,78,88,83,91,0,7.69230769230769,66,2.66,2.61,27.8571428571429,12.3,49.0421455938697,9,1,0
1,10009,40.726147,-73.975043,86,31454,7,5,29,63,4,92,28,85,78,82,73,89,88,0,0,58,2.48,2.47,19.5714285714286,9.2,45.045045045045,6,0,1
8,10465,40.827214,-73.829212,48.9,50155.9908291956,1,14,10,56,20,95,15,89,86,88,85,73,89,0,18.9542483660131,147,2.89,2.74,25.0238095238095,13.9,53.2319391634981,66,21,0
2,10001,40.753389,-73.997896,61.3,50061.2713333333,7,10,20,47,20,95,19,90,95,80,93,78,93,1.33333333333333,8,78,2.7,2.58,26.3333333333333,12.3,50,17,2,0
17,11226,40.649588,-73.957176,68.4,47923.861182249,9,1,81,15,1,95,17,79,76,75,68,70,77,6.81818181818182,0,44,2.27,2.27,22.625,17.7,41.9431279620853,15,1,0
9,10456,40.832272,-73.905817,82.5,24172.46,11,0,68,31,1,94,24,93,90,88,88,88,93,9.375,4.6875,69,2.5,2.85,23.3173423934118,13.1562609905364,53.6764705882353,24,3,0
23,11233,40.675234,-73.915306,88.4,31132.53,7,1,79,16,2,89,46,94,95,88,88,90,96,0,0,30,2.26,2.31,16.6774193548387,13,50.9283819628647,0,0,1
18,11203,40.658685,-73.928682,60.8,52238.0274163999,5,2,89,7,2,92,23,85,88,83,83,80,87,4.83870967741935,3.2258064516129,54,2.36,2.09,30.0714285714286,12.5,51.9083969465649,17,1,0
18,11203,40.647918,-73.925602,53.5,71224.2503753719,3,0,95,3,1,95,10,98,100,95,98,81,97,0,2.94117647058824,70,2.39,2.27,22.0181818181818,13.1,37.7431906614786,34,1,0
21,11204,40.622876,-73.978774,68.2,47519.85,18,18,3,42,35,95,14,93,94,87,91,83,94,0,4.34782608695652,31,2.68,2.95,21,6.8,46.1309523809524,7,1,0
5,10030,40.814412,-73.945122,74.6,41995.4931152013,6,1,64,33,1,94,17,86,89,78,83,85,89,2.94117647058824,2.94117647058824,107,2.37,2.74,23.2097725281438,13.2165916530705,50.845665961945,21,1,0
13,11205,40.688432,-73.971169,79.7,40297.9264129375,3,4,75,18,2,92,28,81,79,83,73,76,85,0.900900900900901,1.8018018018018,89,2.31,2.21,20.4915254237288,12,43.2786885245902,20,1,0
13,11205,40.695143,-73.977889,36.2,61778.93,2,4,33,16,39,100,0,91,93,86,89,97,93,0,0,55,2.86,2.86,26.5691919910001,14.4210165958063,50,16,2,0
24,11379,40.715009,-73.886225,18,71378.48,4,3,1,20,76,96,4,94,90,86,83,86,92,0,9.19540229885057,117,3.08,3.23,45.6363636363636,16.2,51.0835913312694,46,14,0
32,11221,40.700818,-73.927587,82.1,34476.2520797034,18,2,7,89,1,92,24,86,90,82,84,81,93,0,1.20481927710843,100,2.25,2.3,20.3076923076923,12.1,51.2820512820513,11,0,1
20,11204,40.62659,-73.989464,70.6,39390.34,23,43,1,28,27,97,9,93,94,86,89,80,93,0,33.3333333333333,175,2.74,3.03,23.7,13.7,46.4788732394366,113,38,0
6,10032,40.839408,-73.935772,83.8,38743.3881116427,31,0,5,93,1,94,18,94,92,92,88,88,93,0,3.03030303030303,147,2.22,2.29,26.15625,12.6,45.6937799043062,27,1,0
15,11231,40.677847,-74.004818,75.3,43246.9930420168,3,0,49,43,3,89,36,87,85,83,86,88,90,0,0,47,2.27,2.45,20.8053324485238,11.5240043849908,49.4047619047619,7,0,1
2,10003,40.736114,-73.992352,23.6,71402.4417200061,1,14,6,10,65,97,2,91,90,90,87,87,95,0,2.32558139534884,96,3.37,3.36,34.4705882352941,15.5,68.2119205298013,36,10,0
17,11203,40.662087,-73.936458,57,44077.39,0,0,95,4,0,98,1,84,84,81,77,85,85,0,17.4418604651163,80,2.59,2.93,24.081743059922,14.7794483936712,52.0225776105362,49,13,0
16,11213,40.675732,-73.935082,74.8,41568.5193686534,3,0,83,15,1,95,13,80,83,80,84,78,87,3.33333333333333,1.11111111111111,110,2.16,2.2,23.0153733475761,11.8533629781587,48.3443708609272,27,1,0
19,11208,40.6573,-73.874138,70.5,35699.0616483516,1,1,72,24,1,90,39,71,85,78,87,75,92,0,0,72,2.16,1.98,23.875,11.4,60.6227106227106,7,0,1
23,11233,40.677642,-73.908695,87.7,36518.6,13,2,50,46,1,88,43,91,96,86,88,86,95,0,2.77777777777778,33,2.14,2.15,21.6666666666667,12.9,50,8,0,1
24,11379,40.712244,-73.887868,43.6,70995.0865420548,1,5,2,56,36,96,7,97,97,87,97,84,96,0,5.5045871559633,117,2.82,3.15,26.0143808188397,14.3195492402177,50.381679389313,58,5,0
6,10033,40.850676,-73.934697,86.7,26801.8702539682,19,1,2,97,0,95,14,82,82,91,78,85,91,0,0,75,2.24,2.19,24.8888888888889,14,57.1428571428571,0,0,1
9,10457,40.839654,-73.911386,92,32973.1869230769,34,0,30,67,0,66,74,66,71,93,67,78,89,0,0,60,1.9,1.91,21.1904761904762,8.9,40.1709401709402,0,0,1
17,11226,40.656389,-73.951462,55.8,44870.01,5,0,84,12,0,96,11,83,84,78,73,87,85,4,2,57,2.36,2.65,22.0014427950638,13.6433799709849,49.906191369606,37,2,0
4,10029,40.79259,-73.942119,83.6,34245.7254855679,28,1,15,82,2,91,35,87,77,84,72,77,85,0,1.35135135135135,71,2.19,2.08,19.4285714285714,11.6,47.5849731663685,0,0,1
8,10473,40.823319,-73.860062,81.2,33709.9805714286,8,3,35,60,1,91,34,79,90,78,84,74,87,0,0.714285714285714,159,2.24,2.07,22.95,12.6,50,22,0,1
30,11109,40.744465,-73.957666,23.2,98309.97,5,18,4,32,40,95,13,96,97,87,89,89,93,0,5.40540540540541,27,2.94,3.06,17.8148148148148,14.3,49.2917847025496,14,3,0
27,11691,40.594019,-73.761378,79,40256.36,9,4,60,31,4,91,34,85,70,83,61,76,75,1.16279069767442,3.48837209302326,62,2.24,2.31,23.2222222222222,14.7,52.1642619311876,7,0,1
1,10002,40.711437,-73.985486,55.9,40809.9,17,71,4,12,9,98,2,90,81,91,67,83,85,0,40.2777777777778,88,3.24,3.63,25.7560975609756,13.9,49.8538011695906,67,34,0
29,11423,40.712772,-73.780173,60.9,51415.4754213041,15,27,39,28,2,93,21,81,79,80,75,73,87,0,2.00400801603206,529,2.34,2.33,25.1513157894737,14.1,50.7122507122507,123,2,0
23,11212,40.665297,-73.917884,58.9,39170.8966502311,0,5,77,15,1,96,12,97,98,85,94,76,94,15.9090909090909,17.0454545454545,94,3.05,2.94,22.4262295081967,12.4,59.6610169491525,46,10,0
11,10467,40.880634,-73.860155,77.1,43390.52975,19,4,50,40,3,88,46,93,88,81,88,77,91,3.125,3.125,128,2.13,2.06,23.2840909090909,9.5,42.75,29,1,0
30,11106,40.756628,-73.932648,74.5,41779.9395395513,15,23,18,53,6,93,21,79,76,83,68,76,80,0,0,153,2.52,2.66,19.030534351145,10.5,45.0413223140496,28,2,0
3,10024,40.785101,-73.973867,18.1,78045.1910018664,0,8,15,12,61,98,0,96,91,96,90,91,96,3.50877192982456,0,57,3.61,3.57,38.7777777777778,17.1,52.7659574468085,38,21,0
23,11233,40.678113,-73.915211,68.2,38344.1829693373,1,1,88,6,1,97,0,93,92,84,90,87,92,17.3333333333333,18.6666666666667,79,2.63,3,24.7255818127508,14.6342919696551,55.786350148368,46,10,0
9,10456,40.834973,-73.900304,85.2,18144.4307237621,5,2,45,53,0,95,11,88,93,87,88,76,92,0,14.1592920353982,118,2.71,2.95,25.9636363636364,16.3,59.228650137741,68,10,0
8,10474,40.815594,-73.885238,87.6,35772.3908543689,27,0,21,77,1,90,35,83,74,83,73,82,86,0,0,110,2.11,2.02,19.9782608695652,10.9,44.0129449838188,0,0,1
27,11691,40.601532,-73.763979,66.7,46800.029806841,13,8,43,42,4,93,20,79,85,84,78,73,88,1.42857142857143,2.85714285714286,73,2.29,2.17,23.1052631578947,12.6,49.1392801251956,13,0,1
23,11212,40.655763,-73.906685,69.7,42366.7772631579,1,1,90,8,1,94,16,94,83,85,83,77,89,5.76923076923077,5.76923076923077,77,2.51,2.32,20.5909090909091,16,51.7543859649123,20,1,0
21,11223,40.600816,-73.976838,63.6,48166.6643274514,11,29,8,26,36,95,16,92,94,88,89,74,93,0.398406374501992,13.5559921414538,420,2.62,2.8,25.8893805309735,14.5,48.5888634630053,160,26,0
21,11235,40.583765,-73.954016,44.5,57504.2007863268,1,27,3,10,59,96,8,94,96,89,91,70,94,1.02669404517454,33.4702258726899,494,3.47,3.8,32.2122302158273,22.8,54.7058823529412,372,231,0
8,10474,40.815594,-73.885238,77.9,27967.11,8,0,34,65,1,95,9,82,84,84,81,88,90,0,0,78,2.41,2.53,24.5773682858189,13.1154577751168,51.440329218107,19,0,1
13,11221,40.686208,-73.940924,73.9,45851.9554893617,4,2,78,17,1,94,21,81,87,89,87,83,92,1.92307692307692,0.961538461538462,105,2.26,2.32,22.458555002383,12.10430767206,47.2340425531915,15,0,1
14,11205,40.695397,-73.960005,85.9,42709.08,19,0,17,81,2,93,23,94,91,93,87,86,94,0,3.92156862745098,64,2.2,2.2,23.6410256410256,12.3,46.5553235908142,15,1,0
30,11101,40.753116,-73.935701,50.7,49432.69,9,15,12,36,32,100,0,81,85,89,83,90,93,0,5.55555555555556,84,2.67,2.99,26.0188371503822,13.9139951865706,47.5967174677608,26,3,0
18,11203,40.658685,-73.928682,70,46824.840178117,11,2,89,2,2,92,23,83,76,80,75,80,81,0,0,32,2.17,2.15,20.0967741935484,13.5,48.8549618320611,18,0,1
8,10473,40.821448,-73.855654,75.6,38422.451709571,11,7,22,68,1,90,32,84,71,74,61,74,85,0,1.66666666666667,47,2.33,2.15,21.390243902439,11.4,50.2475247524753,9,0,1
17,11225,40.664878,-73.959522,78.6,41156.5040253446,19,3,64,30,4,91,29,91,85,84,73,76,89,0,0,72,2.12,2.11,20.1142857142857,8.5,43.7125748502994,9,0,1
30,11369,40.764979,-73.871196,66.9,53206.46,31,12,13,74,2,94,20,88,72,87,52,76,77,0,10.4347826086957,145,2.35,2.42,26.88,15.5,48.5758275596613,28,3,0
20,11228,40.626227,-74.014758,62.2,53089.6955766817,11,45,1,22,32,96,12,95,96,89,91,69,94,0,27.4864376130199,580,2.92,3.28,32.0391061452514,17.2,46.3822894168467,309,119,0
20,11209,40.633733,-74.02422,65.1,50776.12,26,20,2,30,48,95,13,87,88,87,81,76,90,0,11.5384615384615,124,2.71,2.81,27.6428571428571,14.4,46.3227222832053,51,9,0
4,10029,40.785868,-73.940587,89,30295.44,10,1,45,53,0,87,49,87,74,89,67,79,84,0,0,22,2.1,2.07,24.6666666666667,8.5,48.207171314741,7,0,1
22,11229,40.604437,-73.955171,46.3,64945.9436321977,9,25,17,11,45,96,10,88,89,85,85,73,91,5.08474576271187,22.4961479198767,684,3.09,3.32,30.1701570680628,17.3,49.8164656528579,370,150,0
28,11374,40.732287,-73.853054,40.8,67340.834172875,9,24,10,23,41,95,12,91,89,84,84,72,90,0.636942675159236,12.1848739495798,533,2.95,3.19,27.65,19.7,49.9388753056235,249,84,0
16,11233,40.681708,-73.935722,75.1,43659.7602857143,1,1,85,14,0,92,28,97,97,93,92,94,96,2,2,81,2.41,2.39,26.7659574468085,14.4,54.2857142857143,27,1,0
6,10031,40.830009,-73.944648,80,36575.2,33,1,3,96,0,95,12,94,92,91,83,86,91,0,0,47,2.46,2.62,25.5,10.6,52.0286396181384,8,0,1
8,10473,40.815017,-73.856018,81.8,38983.4740759494,17,2,33,63,0,89,40,79,75,79,65,76,81,1.26582278481013,2.53164556962025,73,2.17,2.01,19.9166666666667,8.7,42.5,17,0,1
2,10021,40.771827,-73.95794,36,77956.689469949,4,28,8,19,42,96,9,85,89,87,84,76,92,0.753768844221105,17.5308641975309,430,3.08,3.34,29.5555555555556,15.5,47.3053892215569,258,101,0
26,11423,40.724401,-73.777475,21.5,92649.61,4,14,7,10,66,96,6,93,93,86,84,85,90,1.85185185185185,9.25925925925926,62,2.86,3.28,29,15.4,48.9399293286219,23,10,0
3,10026,40.801651,-73.955295,71.1,39952.74,5,1,66,28,3,0,100,99,95,91,91,94,95,41.7910447761194,22.3880597014925,66,3.23,3.95,18.1037868177427,14.5730856331492,48.5319516407599,20,11,0
23,11212,40.655763,-73.906685,79.2,33307.62,1,0,84,14,0,96,10,90,88,83,83,87,89,6.94444444444444,8.33333333333333,75,2.62,3.25,22.9269688156658,14.7438590758613,53.0799475753604,31,3,0
10,10453,40.857969,-73.903757,86.8,26738.54,16,1,16,82,1,94,19,95,93,80,90,87,89,0,0,30,2.46,2.61,20.6842105263158,18.2,48.995983935743,12,2,0
17,11226,40.649588,-73.957176,53.6,62571.7370344828,0,3,86,8,1,97,6,97,96,89,91,90,94,6.89655172413793,8.62068965517241,67,2.96,2.98,23.3333333333333,16.6,48.7037037037037,20,2,0
10,10458,40.858858,-73.889841,88.5,28137.6978464819,34,3,18,78,1,91,30,77,83,83,74,76,88,0.574712643678161,1.72413793103448,143,2.2,2.25,23.202380952381,12.8,48.1876332622601,13,0,1
9,10457,40.839176,-73.904982,72.4,26422.05,2,0,54,45,1,95,12,97,92,89,84,86,94,5.88235294117647,8.82352941176471,29,2.77,3.09,24.4471156354043,14.8801101531148,53.1914893617021,24,4,0
21,11230,40.621492,-73.966006,69.5,37038.11,31,41,8,18,32,92,28,99,100,96,96,80,97,0,8.33333333333333,102,2.62,2.86,22.2222222222222,15,50.2283105022831,17,2,0
8,10455,40.815971,-73.901686,90.6,28130.2093729776,25,1,20,77,1,87,48,82,84,95,76,77,92,0.65359477124183,7.18954248366013,166,2.22,2.17,25.0740740740741,14.2,43.8524590163934,13,1,0
6,10040,40.86082,-73.930066,84,39451.7641649899,49,0,2,93,3,92,24,91,81,90,75,84,89,0,0,66,2.09,2.09,17.5862068965517,10.1,41.7142857142857,0,0,1
2,10044,40.763969,-73.948468,29.3,93388.06,7,29,16,14,36,95,10,93,95,89,88,89,92,0,4,21,2.9,3.01,21.5333333333333,15.5,50.974025974026,6,0,1
31,10308,40.545793,-74.145561,25.4,82258.700207299,2,3,1,12,83,94,15,90,90,82,83,73,89,0,4.22535211267606,384,2.85,2.88,26.9574468085106,13.2,47.5138121546961,132,26,0
1,10002,40.713343,-73.986069,77.1,44789.7698350666,15,5,27,63,4,92,26,92,96,92,96,86,96,0,7.40740740740741,68,2.26,2.2,18.0909090909091,7.7,43.3497536945813,13,1,0
31,10304,40.620483,-74.080771,74.5,33393.0874137503,10,11,35,41,12,91,30,81,80,82,69,68,84,0.843881856540084,3.23886639676113,241,2.31,2.19,19.5970149253731,10.6,53.4313725490196,42,2,0
23,11212,40.672333,-73.906225,74.5,37886.74,3,0,84,13,1,95,16,96,95,87,91,90,91,21.9178082191781,30.1369863013699,84,2.89,3.59,23.1865936777037,15.702279879857,51.067463706234,43,15,0
9,10453,40.848521,-73.908447,81.6,-5219.57642424243,5,2,39,58,1,94,17,94,98,86,98,84,94,0,7.57575757575758,76,2.68,2.8,34,14.1,100,30,3,0
4,10035,40.801377,-73.935082,81.5,28953.15,7,0,58,39,1,96,11,90,91,81,86,86,88,5.66037735849057,8.49056603773585,99,2.47,2.69,24.098313370547,13.607286542529,49.7237569060773,13,1,0
24,11377,40.741091,-73.918649,61.5,54753.2995573298,15,40,1,53,5,96,10,90,91,88,84,73,93,0,8.05500982318271,540,2.65,2.96,25.9641577060932,16.3,47.8723404255319,272,36,0
29,11412,40.689348,-73.763541,40.7,70521,1,0,92,7,0,97,3,91,83,82,69,99,84,8.92857142857143,8.92857142857143,78,2.71,2.93,24.1838652757875,15.5757395890309,50.9032943676939,33,3,0
27,11417,40.670886,-73.845674,59.3,53736.2104899558,8,34,7,48,8,95,14,92,94,85,89,73,92,1.13960113960114,7.12250712250712,374,2.63,2.63,27.4569892473118,16.2,50.4102096627165,98,9,0
11,10467,40.86206,-73.864588,77,41346.9123239641,16,7,26,57,9,92,27,89,88,80,83,84,90,2.20588235294118,1.47058823529412,147,2.19,2.15,31.0975609756098,9.9,49.2610837438424,52,2,0
10,10458,40.859516,-73.88858,85.1,32058.4675544142,11,2,20,75,2,92,25,84,85,81,82,74,89,0,0,95,2.35,2.32,25.2903225806452,12.7,47.1169686985173,18,0,1
18,11212,40.65785,-73.920032,77.8,37359.5964713783,6,0,88,6,1,92,26,84,82,82,84,79,84,0,1.88679245283019,60,2.29,2.18,17.7674418604651,9.6,51.4124293785311,11,0,1
9,10457,40.840589,-73.90454,91.3,31484.0291627907,28,1,28,70,1,91,31,82,75,77,66,77,77,0,0,172,2.05,2.04,17.3307692307692,8.3,42.4418604651163,27,0,1
29,11413,40.664858,-73.759088,54.7,56861.6192012669,3,1,91,6,1,92,27,81,85,84,87,75,90,6.95652173913043,6.08695652173913,100,2.24,2.13,21.8627450980392,14.7,49.6688741721854,9,1,0
3,10025,40.791685,-73.97077,23.3,72112.72,1,7,11,17,62,95,9,93,87,88,79,94,91,0,6.52173913043478,50,3.09,3.03,25.9259259259259,16.5,50.730411686587,15,5,0
26,11426,40.744184,-73.727581,30.2,73222.68,1,9,75,13,1,96,6,94,93,88,84,83,91,12.5,8.75,102,2.86,2.92,28.06,14.3,50.7779349363508,28,5,0
6,10033,40.849099,-73.931106,84,31731.8150306748,17,1,3,94,2,94,18,83,87,89,76,79,92,0,8.97435897435897,87,2.48,2.67,26.25,13.2,46.0122699386503,6,1,0
18,11236,40.647417,-73.891766,53.4,62202.4362611407,2,1,92,7,1,95,13,85,81,78,77,81,84,3.65853658536585,2.4390243902439,137,2.47,2.37,22.1463414634146,11.2,48.8721804511278,42,2,0
15,11215,40.669302,-73.97867,65.2,48386.2444974516,9,7,39,36,14,94,20,91,93,83,92,79,92,0,0,74,2.38,2.5,22.6,12.1,43.2721712538226,21,4,0
14,11211,40.711863,-73.960049,82.2,40626.573212485,21,1,14,82,3,89,40,82,80,81,66,78,85,0,2.04081632653061,80,2.13,2.11,19.4736842105263,12.3,41.1764705882353,7,0,1
13,11238,40.678584,-73.96634,62.7,56709.1447189324,2,1,82,9,1,97,4,89,92,83,87,86,93,7.79220779220779,6.49350649350649,87,2.6,2.74,23.9758291743609,14.370270985129,44.6483180428135,54,5,0
27,11691,40.595904,-73.781257,89.7,26636.28,4,3,66,28,2,91,37,85,86,82,76,80,88,2.40963855421687,2.40963855421687,82,2.21,2.22,19.5625,12.3,47.7300613496933,7,0,1
9,10452,40.835694,-73.919663,86.1,25919.64,31,4,5,89,1,94,18,89,84,89,76,82,88,0,6.97674418604651,97,2.45,2.56,27.2545454545455,14.8,49.4549058473736,63,4,0
20,11228,40.618745,-74.01331,55.8,60803.3356393565,8,46,0,14,39,97,7,92,94,88,87,70,94,0,30.8641975308642,525,3.13,3.36,28.1359649122807,18.1,45.4545454545455,338,149,0
31,10314,40.59247,-74.158532,36.6,76849.0293351558,4,20,5,24,50,94,17,89,93,86,87,69,93,0,6.80100755667506,463,2.83,2.79,23.5833333333333,14.1,46.6101694915254,139,16,0
3,10026,40.802666,-73.948256,88.3,37110.83,9,3,64,27,2,91,37,83,70,77,60,81,82,0,0,27,2.1,2.03,19.72,9.5,50.2127659574468,0,0,1
10,10468,40.859506,-73.900475,88.1,29246.7351007194,26,2,12,84,1,92,27,77,78,83,71,78,83,0,0,102,2.14,1.97,22.9333333333333,11.5,49.2805755395683,10,0,1
29,11412,40.706768,-73.753793,39.6,71285.3439333364,3,4,88,6,1,96,10,86,83,84,76,75,85,5.40540540540541,5.40540540540541,73,2.54,2.24,23.7936507936508,14.8,49.5711835334477,6,0,1
10,10453,40.854751,-73.905024,91.8,26313.1,29,3,17,79,0,93,26,90,92,88,89,87,93,0,2.72727272727273,139,2.26,2.33,26.1791044776119,14.1,46.8864468864469,38,1,0
16,11221,40.687938,-73.932378,69,45778.4712551535,2,1,77,18,0,97,6,93,97,88,91,89,93,10.8108108108108,12.1621621621622,88,2.49,2.8,23.0806553523277,14.0581003576172,46.045197740113,37,8,0
2,10003,40.735118,-73.981697,13.1,82209.0091533422,0,19,3,9,63,97,5,93,97,95,96,88,98,0,4.13223140495868,131,3.75,3.63,33.3333333333333,15.7,58.0310880829015,108,76,0
24,11368,40.742087,-73.862808,74.8,40605.8935495979,28,6,3,89,1,95,14,85,85,87,78,74,90,0.294550810014728,5.45454545454545,716,2.37,2.43,23.6666666666667,14,46.0232350312779,93,6,0
29,11411,40.698026,-73.740151,48,74346.24,3,1,95,2,1,92,30,85,72,90,65,72,82,0,1.53846153846154,79,2.41,2.29,20.3928571428571,15.1,48.566610455312,9,0,1
2,10028,40.780646,-73.947544,10.4,80574.6182857143,0,15,3,9,66,98,2,92,96,92,94,82,96,0,6.42857142857143,152,3.66,3.94,27.9090909090909,15.5,54.8888888888889,124,103,0
10,10458,40.869618,-73.879012,80.6,34155.6,19,9,8,73,8,92,29,88,82,84,69,75,85,0,0,119,2.32,2.34,24.0461538461538,14.5,48.2276119402985,42,3,0
31,10307,40.507803,-74.243221,22.5,80263.610685209,1,4,0,11,85,93,22,90,85,84,78,72,87,0,5.04201680672269,378,3,3.02,32.4,14.3,49.9541704857929,81,20,0
7,10454,40.810207,-73.91839,88.5,27997.4511764706,10,1,26,72,1,92,29,90,88,87,88,79,91,0,0,95,2.36,2.72,20.4,14.1,43.6666666666667,31,5,0
19,11207,40.659637,-73.885597,78,43449.6554545454,14,2,68,28,2,90,33,86,96,83,93,80,95,0,0,89,1.96,1.95,24.1153846153846,14.5,44.7811447811448,15,0,1
5,10030,40.820192,-73.944457,83.5,34752.53,17,2,52,41,4,88,49,83,72,84,65,82,81,0,0,54,2.11,2,21.7894736842105,9.6,46.972860125261,0,0,1
17,11203,40.64809,-73.945911,72.1,43642.71,9,0,86,10,2,92,26,80,81,81,79,81,87,1.2987012987013,1.2987012987013,83,2.27,2.17,23.7674418604651,13,46.2989840348331,28,1,0
4,10035,40.797495,-73.936193,86.5,22687.5781632653,10,1,45,53,1,90,32,89,93,88,89,90,95,2.04081632653061,4.08163265306122,53,2.32,2.15,21.3823529411765,8.8,63.265306122449,6,0,1
4,10029,40.791451,-73.947448,86.6,33728.15,11,1,13,83,3,92,30,90,90,94,82,87,92,0,2.77777777777778,83,2.32,2.4,20.5111111111111,11.4,48.2258064516129,11,0,1
6,10034,40.865914,-73.925157,82.4,42061.5127230248,32,0,4,93,2,93,23,85,91,83,85,91,90,0,1.58730158730159,121,2.3,2.22,22.0833333333333,10.4,46.0674157303371,13,0,1
27,11691,40.603951,-73.749868,73.8,52531.6570001031,15,1,61,37,1,90,37,88,86,88,76,76,89,0.917431192660551,0,120,2.14,2.03,17.2164948453608,8.9,35.5805243445693,16,0,1
22,11235,40.593516,-73.938193,70.8,44926.1163627608,18,11,48,17,24,92,29,86,91,80,86,71,92,1.81818181818182,7.86516853932584,213,2.32,2.41,21.4923076923077,12.4,42.8571428571429,41,3,0
7,10455,40.813613,-73.908429,90.5,22754.7,24,0,27,71,1,91,36,90,87,81,79,82,85,0,0,71,2.15,2.11,19.6909090909091,12.4,48.3379501385042,8,0,1
4,10029,40.794167,-73.932694,84.2,34868.2728333333,9,5,29,64,1,93,23,84,87,85,84,80,92,2.66666666666667,6.66666666666667,55,2.24,2.15,20.2549019607843,12.1,44.7916666666667,20,1,0
1,10002,40.71987,-73.977376,73.3,35223.3,2,2,45,49,2,94,18,90,93,85,88,87,90,2.22222222222222,13.3333333333333,54,2.72,2.83,26.3618700737921,14.6413151636884,99.6941896024465,16,2,0
14,11206,40.703878,-73.953472,86.8,31274.9065529452,22,1,15,78,5,90,35,88,92,82,88,77,91,0,1.51515151515152,85,2.06,1.99,17.8958333333333,8.6,46.6292134831461,0,0,1
19,11208,40.669568,-73.879189,84.5,33247.9026063706,5,4,59,37,0,92,32,86,96,93,91,83,96,1.17647058823529,1.17647058823529,77,2.19,2.07,26.1724137931034,11.9,50.9881422924901,16,0,1
8,10472,40.829108,-73.85691,79.6,34068.0020113154,15,23,18,56,1,92,29,93,95,80,93,79,91,0,3.96039603960396,95,2.23,2.17,27,12.2,52.3809523809524,29,1,0
30,11105,40.771319,-73.924184,56.1,8876.24675949368,3,34,6,43,16,97,6,90,95,91,78,74,87,0,16.4556962025316,84,2.88,2.88,33.8620689655172,16.3,100,29,7,0
11,10462,40.835236,-73.846547,76.4,45253.24,14,33,8,53,4,95,16,92,87,85,79,76,88,0,11.1111111111111,164,2.5,2.82,28.8472222222222,14.1,48.868778280543,64,8,0
9,10456,40.830895,-73.902386,81.4,34947.5239127474,10,0,40,58,0,94,20,82,81,82,76,74,85,0,4.05405405405405,88,2.23,2.39,22.8084739063386,12.2046003689034,45.6692913385827,16,1,0
23,11212,40.66798,-73.912085,85.1,32208.89,9,2,71,25,2,88,47,90,82,77,65,73,76,0,2.22222222222222,28,2.17,1.98,18.8725840856881,11.6779018952501,49.5412844036697,9,0,1
7,10454,40.810207,-73.91839,90.3,31986.3479949213,26,0,25,74,1,90,35,87,87,81,80,79,88,0,0,129,2.18,2.13,27.5833333333333,11.9,43.5754189944134,0,0,1
6,10027,40.816172,-73.952104,72.4,27486.1704654152,4,1,9,84,4,94,16,92,88,87,80,73,90,0,13.5802469135802,87,3.01,3.12,22.6849315068493,13,59.5890410958904,81,14,0
2,10011,40.742571,-74.002371,30.8,83174.1864787463,1,47,2,7,34,98,2,88,91,90,83,85,92,0,24.8554913294798,181,3.62,3.94,30.3255813953488,16.6,41.3357400722022,163,122,0
19,11208,40.669455,-73.867298,71,33468.7,1,6,69,23,0,95,12,87,88,83,84,89,92,2.56410256410256,1.2987012987013,71,2.45,2.73,22.8881104993059,13.5642496031349,51.1331444759207,26,1,0
31,10314,40.620326,-74.164432,56.9,67543.01,4,12,21,41,23,94,17,94,91,85,82,81,90,2.97029702970297,16.8316831683168,96,2.79,2.91,24.8085106382979,14.9,51.5452538631347,34,8,0
25,11366,40.724191,-73.80937,44.3,65883.3925833333,2,40,17,23,18,96,9,81,87,85,82,73,89,0,2.7027027027027,76,2.8,2.8,27.4444444444444,12.2,49.8263888888889,23,2,0
9,10452,40.842811,-73.916384,86.2,25275.4356512262,10,0,22,77,1,94,21,93,94,85,91,79,93,0,14,105,2.64,3.03,25.24,14.7,49.8637602179836,15,2,0
6,10033,40.84562,-73.939738,87.8,31873.1035813953,91,0,0,100,0,97,3,85,93,89,88,85,94,0,0,63,1.81,2.03,18.4285714285714,12.5,50.3875968992248,0,0,1
24,11385,40.705243,-73.861935,26.3,67491.07,4,5,1,40,52,96,9,94,93,92,87,80,92,0,8.62068965517241,133,2.89,3.13,28.7291666666667,17.1,49.7767857142857,26,5,0
10,10468,40.859604,-73.906275,90.9,27549.2271225296,24,1,19,78,1,91,33,89,91,83,83,84,94,0,3.03030303030303,69,2.06,2.12,22.2127659574468,13.6,49.2753623188406,8,0,1
21,11224,40.57427,-73.992477,91.2,22422.66,7,2,53,36,7,89,46,83,86,80,82,81,89,2.17391304347826,4.34782608695652,51,2.19,2.2,18.7142857142857,12.2,48.2654600301659,0,0,1
4,10029,40.795035,-73.947872,84.3,27911.28,13,5,28,64,1,91,34,87,80,86,67,83,86,0,2.38095238095238,91,2.29,2.31,23,10.3,45.1327433628319,9,0,1
11,10469,40.86429,-73.836566,71.4,44832.2805219699,7,2,67,27,2,92,31,84,91,87,88,78,94,0.704225352112676,0.704225352112676,162,2.29,2.22,24.7066666666667,12.3,49.6674057649667,31,0,1
3,10024,40.781081,-73.978085,30.4,74956.6072258065,3,6,14,26,50,97,6,90,92,91,85,86,95,2.41935483870968,4.83870967741935,133,3.17,3.14,26.1515151515152,15.6,52.5,70,23,0
15,11215,40.660969,-73.989018,38.1,52647.6978931475,1,6,13,35,45,95,10,93,94,86,89,83,93,4.26829268292683,5,184,3.1,3.11,31.1621621621622,16.2,72.1340388007055,94,28,0
24,11379,40.719517,-73.875034,34.8,67367.55,7,16,0,25,57,96,9,92,93,88,86,81,94,0,9.09090909090909,133,2.97,3.09,31.1607142857143,16.9,49.9137931034483,43,11,0
26,11361,40.758543,-73.77397,25.8,82366.1734766734,4,66,5,10,18,98,4,85,87,85,87,73,88,0.272479564032698,20.855614973262,416,3.29,3.58,27.7824427480916,17.3,49.6551724137931,233,123,0
7,10451,40.822539,-73.921487,87.8,28918.55,13,2,27,69,1,90,39,86,86,85,79,81,89,0,1.28205128205128,78,2.09,2.04,19.6666666666667,12.7,45.0564971751412,9,0,1
26,11004,40.742067,-73.713022,27.1,84908.377344668,4,62,10,13,13,97,6,86,79,82,68,73,82,1.03806228373702,10.2389078498294,345,2.96,3.08,28.5576923076923,16.3,46.0122699386503,189,42,0
3,10027,40.806174,-73.948335,74.2,35020.21,7,1,84,15,1,92,26,93,90,86,84,89,91,0,0,33,2.43,2.62,22.3239196458431,12.8221623143577,50.9803921568627,13,1,0
22,11230,40.632144,-73.969817,60.4,47496.34,7,21,59,16,3,94,15,93,90,95,84,88,95,3.7037037037037,3.7037037037037,71,2.48,2.83,22.1740407868957,13.7629513112087,49.8466257668712,29,1,0
18,11212,40.662056,-73.920703,60.6,45876.16,1,1,95,3,0,97,4,84,87,83,80,84,89,0,3.84615384615385,109,2.55,2.56,24.2180897577143,14.3333000327125,47.1428571428571,48,4,0
31,10312,40.544369,-74.197201,20.7,89021.7466549783,1,9,1,10,79,95,12,92,94,85,90,74,92,0,9.25925925925926,431,3.05,3.16,26.4038461538462,13,48.7964989059081,153,44,0
29,11428,40.72073,-73.731394,41.9,67828.27,11,38,25,28,5,96,7,95,85,87,69,81,82,4,19.2982456140351,62,2.82,2.85,24.7142857142857,12.5,45.5645161290323,27,8,0
2,10002,40.716213,-73.993555,83.7,31209.1006000238,35,77,8,14,0,97,9,86,92,91,86,78,95,0,0,138,2.49,3.02,23.0519480519481,12.4,43.348623853211,54,11,0
16,11221,40.688447,-73.935295,82.8,35536.41,5,2,78,19,0,89,44,87,86,86,77,83,86,0,0,57,2.27,2.01,13.4090909090909,9.2,42.5454545454545,8,0,1
17,11213,40.672706,-73.92893,79.7,32470.47,4,6,77,15,1,92,24,89,86,83,80,82,85,1.75438596491228,0,56,2.35,2.21,21.2,13.7,56.8134171907757,12,0,1
6,10040,40.863962,-73.933043,81.1,33242.8443333333,22,0,6,92,1,97,4,96,94,92,93,84,96,0,11.6666666666667,114,2.35,2.75,24.7276860051111,13.132844792152,50.1388888888889,38,4,0
22,11229,40.597135,-73.948515,49.7,57254.23,19,46,2,11,39,96,9,92,91,87,84,79,89,0,17.6470588235294,116,2.98,3.26,25.6172839506173,16.2,50.5647840531561,51,13,0
23,11212,40.660228,-73.904947,90.4,29709.42,4,1,71,27,0,88,48,83,80,80,72,87,86,2.63157894736842,2.63157894736842,49,2.17,2.21,15.6486486486486,13.6,50.2645502645503,0,0,1
23,11212,40.65997,-73.913616,80.4,42382.2126023622,6,1,87,11,0,92,27,97,91,92,92,85,93,6.25,3.125,47,2.18,2.25,20.3333333333333,10.5,42.5196850393701,6,0,1
5,10030,40.817282,-73.947238,74.7,80179.2803333333,3,0,74,24,1,88,47,92,91,83,91,82,90,4.16666666666667,4.16666666666667,57,2.26,2.02,19.9615384615385,10.8,0,10,0,1
5,10027,40.810854,-73.956339,74.6,38049.9480919925,4,1,56,41,1,95,14,87,90,80,90,88,92,12.1212121212121,21.2121212121212,68,2.54,2.78,24.1305341199935,13.3714475786174,48.1040086673889,18,4,0
17,11238,40.674551,-73.960867,74.6,45674.3076615113,4,2,83,14,2,93,22,91,90,86,89,78,94,3.2258064516129,4.83870967741935,45,2.16,2.14,23.6666666666667,12.4,42.4657534246575,6,0,1
19,11239,40.646745,-73.881849,64,48579.1757575758,2,5,72,23,0,95,14,89,95,85,91,84,96,4.04040404040404,5.05050505050505,101,2.72,2.63,28,14.7,54.1666666666667,52,3,0
25,11355,40.760344,-73.817909,63,41986.6416599499,24,69,3,25,3,97,5,94,94,88,88,69,90,0,14.2857142857143,248,2.64,2.98,26.016,15.4,49.5460440985733,97,26,0
15,11232,40.652095,-74.007424,80.7,25315.3596190476,15,19,1,75,4,96,9,78,84,84,85,71,92,0,24.2424242424242,163,2.68,2.89,24.3647058823529,11.7,46.2301587301587,53,14,0
22,11234,40.620767,-73.912988,54.6,61391.5385983437,5,5,73,10,11,93,22,82,81,77,78,74,86,1.05263157894737,1.6304347826087,201,2.31,2.27,24.0636363636364,14.3,46.2081128747795,35,1,0
3,10026,40.803013,-73.948255,71.2,39861.23,3,1,74,21,1,0,100,96,93,83,84,94,89,56.9620253164557,50.6329113924051,101,3.06,3.79,17.6899036401407,14.3821956276148,52.1482729570345,35,24,0
1,10009,40.729153,-73.982474,61,56760.0095900439,1,11,21,53,12,97,5,92,95,92,96,88,95,2.56410256410256,6.41025641025641,94,2.82,2.9,21.1964285714286,13.1,46.4128843338214,16,2,0
25,11358,40.765017,-73.789689,33.6,73720.0968419882,10,50,1,24,24,97,6,87,85,85,75,69,87,0,17.6691729323308,329,2.95,3.23,29.3714285714286,21.1,44.7470817120623,147,46,0
7,10454,40.809065,-73.91752,84,32645.3622812668,27,0,7,91,1,97,6,99,99,87,94,92,97,0,6.17283950617284,87,2.38,2.3,24.6846630499275,13.0735175145462,52.463768115942,26,3,0
3,10026,40.802284,-73.95408,78.6,47379.695953775,8,2,68,27,1,88,34,76,76,81,72,76,84,0,0,9,2.32,2.22,13,11.1,34.4632768361582,0,0,1
3,10023,40.771743,-73.987572,75.8,63947.38,8,7,36,45,11,91,33,82,79,82,70,88,88,0,0,35,2.23,2.1,21.8571428571429,11.2,44.7674418604651,6,0,1
10,10467,40.885328,-73.878058,82.4,9531.6177554378,6,2,21,77,1,94,18,89,86,86,74,73,86,0,5.31914893617021,80,2.52,2.54,26.7674418604651,13,76.9516728624535,19,1,0
23,11233,40.673118,-73.920067,84.4,36035.1986474677,4,1,84,13,1,90,36,97,100,100,98,95,100,5.26315789473684,5.26315789473684,46,2.32,2.17,23.2121212121212,11.1,51.5723270440252,7,0,1
22,11234,40.613779,-73.930304,31.5,73629.22,3,10,35,15,39,96,7,93,91,89,84,84,92,10.2941176470588,11.7647058823529,140,2.91,2.99,25.2025316455696,15.3,47.7198697068404,43,13,0
13,11201,40.698516,-73.986971,63.9,51831.5002058372,2,2,70,19,5,0,100,83,88,78,86,79,88,8.33333333333333,5,137,2.63,2.57,17.5689914198034,11.5359857739668,43.6251920122888,40,5,0
5,10039,40.824398,-73.936545,70.8,45774.1411276358,3,1,71,23,2,93,22,89,86,79,75,78,85,4.10958904109589,5.47945205479452,87,2.41,2.24,23.1923076923077,17.6,46.6568699485672,13,1,0
6,10033,40.849099,-73.931106,84.9,39958.135590825,52,0,1,96,3,91,24,82,83,81,78,76,86,0,0.980392156862745,109,2.12,2.06,19.4838709677419,9.5,37.7358490566038,17,0,1
4,10029,40.79259,-73.942119,43.5,48431.58,0,34,25,19,15,97,5,92,92,91,86,87,90,14.0350877192982,37.5,56,3.64,3.89,27.1428571428571,24.2,48.381601362862,54,40,0
29,11413,40.672087,-73.743438,36.7,80439.0937647059,2,1,86,5,1,95,13,75,86,85,84,84,91,4.61538461538462,3.07692307692308,87,2.34,2.18,18.5454545454545,12.1,47.0588235294118,21,1,0
29,11433,40.707652,-73.785219,65,47432.34,8,27,34,27,2,94,16,91,83,88,73,78,82,4.41176470588235,1.49253731343284,61,2.69,2.71,22.9393939393939,14,49.2088607594937,27,1,0
3,10027,40.807609,-73.955839,69,51468.6,5,1,57,30,8,94,19,86,86,86,85,90,90,7.54716981132075,7.54716981132075,60,2.48,2.44,24.875,11.7,49.5412844036697,22,2,0
9,10456,40.828111,-73.917661,81.9,32641.5014184529,14,3,29,66,2,93,23,90,94,84,88,74,90,0,1.35135135135135,65,2.17,2.16,22.5869565217391,12.2,50.1915708812261,13,0,1
25,11367,40.721159,-73.823164,41.5,64280.02,10,29,6,26,38,95,10,89,88,83,76,79,89,0,15.8536585365854,87,2.95,3.24,20.056338028169,13.3,50.3607503607504,38,7,0
16,11221,40.688119,-73.924441,68,40473.95,2,2,84,11,1,94,18,93,93,84,88,89,88,14.8648648648649,9.45945945945946,109,2.99,3.48,25.5156901334788,16.2319167362847,77.7478084962913,59,12,0
12,10459,40.822084,-73.894038,86.8,36097.1109843512,33,2,16,80,1,92,23,74,73,80,70,77,85,0,1.14942528735632,72,2.04,1.97,21.7777777777778,10,41.3654618473896,10,0,1
8,10472,40.824884,-73.873517,87.6,26654.5056452791,24,1,21,78,0,91,28,67,64,78,53,71,69,0,2.67857142857143,88,2.15,1.98,23.7377049180328,11.5,48.169014084507,11,0,1
28,11434,40.675061,-73.77561,61.4,52371.1037142857,6,12,72,12,0,89,40,78,79,73,72,73,82,2.85714285714286,2.85714285714286,131,2.27,2.21,20.6551724137931,10.5,47.2,37,2,0
28,11432,40.713395,-73.797066,54.9,55620.1489734135,9,27,51,15,3,95,13,86,83,83,72,72,84,3.7037037037037,8.64197530864197,76,2.47,2.53,22.7291666666667,13.3,48.5842026825633,24,2,0
12,10460,40.836359,-73.89275,85.2,30147.6676170068,10,1,25,71,1,93,24,87,84,80,74,77,82,0,2.73972602739726,78,2.25,2.22,20.5416666666667,11.6,50.207468879668,19,1,0
12,10457,40.84385,-73.890063,87.8,33034.9813284884,19,1,27,70,2,88,38,85,79,83,73,79,90,1.16279069767442,0,101,2.15,2.16,21.6862745098039,10.6,44.53125,18,0,1
3,10023,40.775221,-73.982997,25.3,76791.47,1,16,13,14,43,96,7,96,97,91,95,91,95,0,0,16,3.67,3.85,15.3333333333333,13.2,50.9554140127389,10,7,0
27,11420,40.675063,-73.816692,55,55933.4014717253,6,24,39,16,1,93,21,81,71,82,55,70,79,1.7921146953405,5.01792114695341,331,2.37,2.34,25.4422110552764,17.2,48.3624454148472,58,4,0
21,11223,40.608787,-73.964587,80,44760.9,27,17,4,56,22,94,18,88,91,89,77,82,92,0,3.57142857142857,61,2.42,2.49,19.7777777777778,13.4,47.7905073649754,14,0,1
6,10034,40.865573,-73.921602,77.7,36559.91,17,2,1,94,2,94,13,95,89,92,84,88,92,0,8.33333333333333,55,2.57,2.72,29.1666666666667,17,54.6409807355517,15,2,0
10,10458,40.858431,-73.887039,88.6,26077.45339737,17,1,16,78,4,91,32,87,86,82,75,73,88,0.4739336492891,0,257,2.27,2.15,24.1843971631206,14.2,49.4366197183099,46,1,0
24,11373,40.737757,-73.887429,64.3,46175.1003397327,16,44,2,52,2,96,10,82,82,83,76,68,90,0.175131348511384,12.6079447322971,629,2.84,2.99,24.6283783783784,14.5,48.8876529477197,264,63,0
27,11692,40.591349,-73.786189,74.4,40849.62,0,4,70,18,3,96,7,94,87,87,83,81,86,2.32558139534884,0,30,2.57,2.62,25.6666666666667,16.3,53.7383177570093,9,0,1
8,10456,40.822303,-73.906686,82.3,40201.7523325527,22,0,41,57,1,88,45,84,89,87,85,80,92,0,1.63934426229508,78,1.97,1.95,22.02,9.5,42.8571428571429,0,0,1
10,10453,40.859165,-73.909733,85.2,28779.66,7,1,13,85,0,95,16,86,86,85,79,84,91,0,8.06451612903226,56,2.57,2.84,24.6829268292683,15.9,54.5833333333333,27,4,0
31,10310,40.628284,-74.117592,55.7,52692.49355778,5,10,24,40,25,92,26,84,87,79,75,69,86,1.49700598802395,7.18562874251497,328,2.64,2.53,25.9397590361446,15.2,49.2537313432836,77,12,0
7,10454,40.807731,-73.912768,84.8,24982.3,10,0,46,52,1,94,20,95,84,95,80,83,91,18.3673469387755,0,83,2.83,3.11,24.6993881965446,14.8560743831561,52.0947176684882,32,14,0
2,10128,40.783283,-73.945937,76.5,33896.3382926829,6,5,31,60,2,90,30,90,90,77,67,65,81,0,0,22,2.24,1.95,18.3333333333333,12.4,51.219512195122,0,0,1
24,11385,40.699269,-73.901988,68.7,42665.4963214756,22,10,3,76,11,93,22,81,90,82,81,69,91,0.666666666666667,7,345,2.32,2.36,22.0963302752294,12,47.4308300395257,61,5,0
25,11355,40.749539,-73.821454,53.8,50136.5136597497,7,67,10,18,4,98,2,89,88,84,85,74,91,0,31.7757009345794,106,2.96,3.39,24.7543859649123,11,45.7627118644068,70,29,0
27,11420,40.665478,-73.811093,50.6,56649,6,49,22,22,2,95,14,86,87,88,78,80,90,1.35135135135135,6.75675675675676,138,2.64,2.86,26.8666666666667,16.9,47.6810414971522,52,8,0
14,11211,40.715274,-73.957057,55.1,49125.1369125143,3,3,3,59,35,95,16,92,91,88,89,78,92,0,4.79452054794521,169,2.85,2.6,31.828125,14.2,56.3745019920319,90,17,0
13,11238,40.684336,-73.960549,78,41573.2461073825,16,15,68,14,3,90,37,75,88,68,89,86,87,0,0,45,2.21,2.07,23.1851851851852,9.5,50.3355704697987,21,0,1
2,10038,40.710448,-73.997001,72.8,38919.61,17,59,11,21,8,96,10,91,93,91,89,82,95,0,27.8846153846154,112,2.93,3.29,28.4262295081967,14.5,46.0459183673469,66,28,0
16,11221,40.691976,-73.931488,75.9,44076.8921491464,7,1,76,21,2,91,27,87,87,84,76,80,88,2.38095238095238,4.76190476190476,62,2.18,2.13,15.2291666666667,9.9,44.0251572327044,20,1,0
21,11235,40.58677,-73.961478,59.9,51896.27,16,30,4,23,42,94,18,93,94,91,81,81,93,0,20.4081632653061,71,2.64,2.82,22.3448275862069,13.3,47.3396998635744,33,8,0
27,11694,40.586666,-73.823435,55.1,56756.9480286954,2,7,49,28,13,95,14,94,96,88,90,77,94,1.23456790123457,1.23456790123457,96,2.63,2.47,26.1428571428571,13.6,53.3783783783784,15,0,1
23,11212,40.671012,-73.90774,92.5,22456.0688888889,14,0,63,33,2,87,42,79,80,85,76,80,89,2.77777777777778,0,31,2.07,1.98,27.25,12.7,52.7777777777778,0,0,1
29,11412,40.706768,-73.753793,48.7,75979.1702352941,5,3,86,8,1,94,14,92,95,92,90,98,96,2.45098039215686,1.96078431372549,162,2.32,2.13,22.6413043478261,15.7,46.2962962962963,18,1,0
17,11226,40.656389,-73.951462,71.7,41216.9266365242,7,3,81,13,2,94,16,87,89,85,86,77,88,3.87096774193548,5.16129032258065,157,2.46,2.42,25.7894736842105,14.9,51.1156186612576,69,4,0
31,10306,40.577094,-74.10015,52.6,55896.7655437521,5,11,6,29,54,93,20,83,92,82,78,75,89,0,6.41509433962264,289,2.7,2.6,26.7005988023952,14.5,50.7660878447395,75,9,0
12,10457,40.842605,-73.890915,90.3,27047.1280827815,18,2,25,69,3,88,40,85,91,83,87,80,92,0,6.25,55,2.2,2.07,20.2051282051282,13.6,47.682119205298,7,0,1
23,11233,40.682247,-73.916696,80.7,35419.93,3,0,74,20,1,88,43,93,90,85,80,87,92,0,0,32,2.27,2.38,18.7777777777778,10.8,51.8151815181518,9,0,1
30,11372,40.749951,-73.885164,51.3,52130.6,5,18,8,58,14,96,3,89,88,81,81,86,87,0,2.08333333333333,53,2.65,2.92,24.7574248923098,14.3695243767187,49.5575221238938,13,2,0
19,11208,40.685841,-73.869429,78.8,33787.1199764803,22,4,14,77,1,92,26,93,94,85,86,76,93,0.763358778625954,6.87022900763359,151,2.27,2.2,22.6022727272727,14.5,50.2252252252252,11,1,0
17,11226,40.648365,-73.953433,70.8,48377.1842469734,21,1,75,21,2,91,32,84,78,80,73,79,84,0.847457627118644,0,152,2.24,2.03,22.95,13.7,46.2469733656174,24,0,1
7,10451,40.81366,-73.925999,88.2,28484.0072170318,14,1,30,67,2,90,33,80,79,76,72,77,83,1.21951219512195,1.21951219512195,81,2.08,2.06,20.5192307692308,9.6,49.4915254237288,0,0,1
29,11413,40.668105,-73.757899,46.4,61391.8153454271,1,4,85,6,2,97,3,94,93,88,92,81,91,11.1111111111111,11.1111111111111,43,2.68,2.6,22.0606060606061,19.3,53.9115646258503,10,1,0
23,11212,40.660182,-73.906873,90,29567.13,6,1,63,32,1,89,42,87,88,79,81,77,87,0,0,62,2.14,2.13,19.8709677419355,12.5,49.45295404814,0,0,1
28,11433,40.696913,-73.786396,70.4,46485.0975254161,7,11,58,20,2,93,26,76,90,78,84,79,89,1.65289256198347,0.826446280991736,124,2.22,2.3,24.3333333333333,12.8,48.7671232876712,21,0,1
22,11210,40.612571,-73.951555,61.6,50038.8131420107,12,6,61,18,14,95,13,82,92,80,87,77,89,1.20481927710843,3.48837209302326,102,2.54,2.31,20.3333333333333,10.4,52.8688524590164,30,1,0
7,10456,40.818906,-73.905333,88.2,28411.4075544697,23,0,26,72,1,90,37,82,92,75,92,75,91,0,1.14942528735632,84,2.14,1.97,18.7884615384615,9.3,48.582995951417,9,0,1
12,10459,40.822084,-73.894038,87,25384.7227659575,21,3,28,67,1,90,38,79,77,71,73,82,82,0,1.06382978723404,96,2.11,1.98,22.7169811320755,9.4,57.6666666666667,8,0,1
30,11101,40.75855,-73.939237,84.7,26289.11,19,4,41,48,6,89,45,87,84,84,76,78,83,0,0,24,2.06,2.03,16,8.6,49.3670886075949,0,0,1
29,11422,40.659983,-73.734434,54.5,79063.05,4,3,84,8,2,94,19,86,86,79,82,81,87,2.02020202020202,2.02020202020202,102,2.27,2.16,24.2857142857143,14.6,46.9200524246396,10,0,1
29,11433,40.70076,-73.781916,74.8,48919.46,11,5,60,32,2,91,38,86,83,80,77,85,87,0,0,63,2.26,2.24,22.1764705882353,13.7,50.8838383838384,10,0,1
11,10475,40.874988,-73.832178,53.4,59717.3833221162,3,5,63,26,4,93,21,87,90,86,84,77,91,8.91472868217054,10.8108108108108,290,2.66,2.67,23.4900662251656,14.5,46.6591166477916,124,18,0
20,11204,40.634787,-73.981631,79.2,31890.3731554946,31,61,4,27,7,96,12,85,88,86,82,72,90,0.325732899022801,21.8241042345277,324,2.43,2.89,22.5081967213115,13.5,46.5263157894737,142,33,0
6,10033,40.833487,-73.942446,85,33030.0199420601,19,1,7,91,1,93,20,87,95,89,91,80,95,0,0,94,2.31,2.23,26.1714285714286,13,49.0753911806543,16,0,1
12,10460,40.843884,-73.884317,80.9,37255.5619658961,11,1,27,69,2,87,42,90,76,83,62,78,79,0,1.63934426229508,70,2.27,2.24,17.5121951219512,9.3,47.3572938689218,6,0,1
11,10462,40.845031,-73.857976,64.7,45355.72,6,7,12,65,14,95,10,91,88,87,86,82,90,0,6.31578947368421,95,2.65,2.76,28.8205128205128,14.6,47.3270440251572,36,3,0
19,11207,40.661208,-73.886779,71.6,36789.620800759,3,2,65,30,1,95,8,87,85,80,84,71,90,4.47761194029851,8.82352941176471,71,2.61,2.74,23.72,11.9,49.5967741935484,10,1,0
26,11365,40.73726,-73.794463,39.9,77591.8535388876,8,68,6,11,14,97,5,88,85,85,81,75,86,1.59817351598174,19.8630136986301,487,3.1,3.41,30.5781990521327,17.9,48.155737704918,304,112,0
10,10453,40.855211,-73.903264,89.8,27545.8065834502,31,3,12,84,1,92,26,91,93,86,90,87,93,0.645161290322581,5.16129032258065,157,2.3,2.33,28.3768115942029,10.8,51.5217391304348,29,2,0
15,11231,40.680431,-73.991704,68.4,55657.667100038,7,6,26,47,19,92,27,84,90,85,83,82,92,3.77358490566038,7.27272727272727,79,2.36,2.3,20.7777777777778,7.9,35.9832635983264,25,3,0
12,10460,40.845682,-73.886532,84.1,36310.5534185464,9,2,30,65,2,94,19,92,93,86,89,80,94,1.76991150442478,5.26315789473684,128,2.43,2.52,25.8641975308642,13.9,42.8571428571429,34,2,0
9,10456,40.832278,-73.914142,87.7,32358.829027027,37,1,25,72,1,90,34,85,82,82,76,77,88,0,0,149,2.05,1.91,25.5714285714286,9.2,45.7207207207207,24,0,1
19,11208,40.685841,-73.869429,81.8,35808.6935523139,13,2,17,78,0,91,43,87,92,85,87,74,91,0,0.980392156862745,96,2.34,2.14,19.4444444444444,15.2,46.3949843260188,10,0,1
30,11106,40.760397,-73.939713,59.7,48346.04,17,16,11,59,10,96,8,85,89,77,87,83,91,0,5.08474576271187,59,2.73,3.23,24.7096261678856,14.547093186896,52.9325513196481,20,3,0
7,10451,40.822539,-73.921487,89,30388.2584099617,34,1,28,69,1,92,29,88,90,85,78,80,90,0,0,92,2.1,1.98,20.3548387096774,13,47.5095785440613,0,0,1
28,11435,40.710509,-73.811875,62.8,55017.9234747298,18,37,13,41,6,93,19,91,95,87,90,75,94,0.200400801603206,6.28571428571429,562,2.64,2.64,25.1134020618557,16.8,46.3803680981595,175,17,0
20,11209,40.618025,-74.028588,52.3,57526.02,9,22,3,25,47,96,10,92,93,86,85,78,93,0,9.55414012738854,170,2.82,3.09,28.202380952381,18.2,45.6916996047431,87,17,0
23,11233,40.678113,-73.915211,77.1,35748.6185,2,2,87,12,0,89,44,98,99,87,97,87,95,5,5,61,2.3,2.08,18.2857142857143,13.5,56.875,9,0,1
20,11218,40.607008,-73.986852,20.9,65859.29,6,18,5,5,71,96,5,91,97,94,95,90,95,0,14,85,3.47,3.68,29.2857142857143,21.2,49.8233215547703,80,59,0
17,11213,40.672272,-73.937164,79.2,34070.0980426721,11,3,78,13,3,92,27,99,97,96,95,88,98,9.67741935483871,11.2903225806452,71,2.69,2.64,20.2678571428571,9.6,51.9685039370079,18,3,0
23,11212,40.668975,-73.917872,75.8,33699.66,1,1,87,11,0,95,9,85,87,86,84,83,92,4.81927710843374,2.40963855421687,111,2.48,2.65,23.9070352157768,13.778938120446,52.1359223300971,24,1,0
28,11375,40.723014,-73.851845,37.2,74986.6467009958,8,33,7,28,29,95,12,86,81,80,72,70,82,0.284090909090909,8.42696629213483,351,2.85,3.03,29.0810810810811,19,47.1090047393365,172,47,0
6,10031,40.820988,-73.952995,78.6,40526.3635280899,34,1,11,85,3,96,10,73,78,79,70,79,85,0,1.53846153846154,84,2.09,2.31,27,11.7,45.6928838951311,18,1,0
32,11221,40.695648,-73.915406,83.9,39484.9211428571,30,1,15,81,3,89,36,96,97,88,89,78,93,0,1.0989010989011,107,2.17,2.1,18.5777777777778,9.2,41.0714285714286,8,0,1
5,10027,40.819764,-73.95724,79.8,33303.04,12,0,30,68,1,96,12,93,95,88,94,90,95,0,0,94,2.6,3.13,24.1173814676473,14.0708973217614,49.5590828924162,15,8,0
13,11201,40.701781,-73.981587,85.9,28503.8216507538,8,4,42,52,0,87,47,91,87,88,84,84,89,0,0,15,2.19,2.25,15.9803921568627,8.7,53.2663316582915,0,0,1
6,10040,40.856137,-73.937295,40.6,68615.55,7,2,3,58,34,95,11,91,91,88,82,90,89,0,3.40909090909091,103,2.84,2.98,25.7272727272727,16,51.063829787234,36,4,0
4,10029,40.795537,-73.944526,74.1,30585.6,3,3,56,38,1,87,30,93,96,88,90,88,96,6.06060606060606,12.1212121212121,22,2.91,2.94,23.3715041690001,14.6104694688817,48,7,1,0
9,10456,40.832278,-73.914142,89.2,26321.3844343139,27,3,30,66,1,87,45,81,78,81,70,78,87,0.819672131147541,1.63934426229508,158,2.21,2.17,21.2682926829268,10.9,51.3698630136986,29,0,1
23,11233,40.680262,-73.91115,83.7,31173.8525263158,6,1,78,19,2,92,31,95,98,91,96,86,97,0,0,35,2.09,1.96,18.8,7.8,56.8421052631579,12,0,1
11,10469,40.86429,-73.836566,69.1,45650.6978817639,7,3,65,29,2,90,33,89,91,83,84,73,86,2.64900662251656,2.64900662251656,177,2.29,2.1,22.8041237113402,13.5,46.7479674796748,42,2,0
21,11204,40.608043,-73.984972,73,39574.5309654196,29,33,11,28,27,93,21,90,93,85,89,74,93,0,4.63917525773196,261,2.45,2.58,23.4774193548387,12.4,49.5507060333761,114,12,0
10,10468,40.870295,-73.897019,85.7,32283.3888312185,61,0,0,99,0,97,8,91,93,87,88,82,92,0,3.63636363636364,51,2.15,2.18,23.5714285714286,11.9,48.9483747609943,0,0,1
30,11106,40.766101,-73.929913,70.7,48302.1818476884,12,25,15,49,10,94,20,90,97,91,93,81,96,1.64835164835165,13.2596685082873,181,2.46,2.51,24.4,13.8,44.3768996960486,59,9,0
27,11694,40.578277,-73.854294,37.1,95258.88,0,1,3,9,87,94,11,89,85,91,68,85,84,0,4.54545454545455,29,2.99,3.13,20.85,14.3,48.5799701046338,0,0,1
11,10467,40.880634,-73.860155,73.7,43648.2042613458,8,3,58,33,1,89,39,86,84,78,84,73,88,0,1.38888888888889,182,2.15,1.97,23.0693069306931,12.3,45.4225352112676,23,0,1
12,10459,40.823187,-73.897385,74.8,28271.22,8,1,35,62,0,95,14,82,86,79,85,77,86,0,4.54545454545455,37,2.33,2.54,23.6931933728462,12.446945496439,54.4615384615385,0,0,1
5,10027,40.814981,-73.952121,85.4,31077.89,11,2,42,51,1,92,33,90,91,82,76,81,89,0,0,55,2.38,2.29,21.2307692307692,13.2,44.5977011494253,21,0,1
16,11233,40.683447,-73.925849,65.2,41262.87,2,2,88,8,1,94,0,89,88,77,84,86,85,19.7183098591549,8.45070422535211,94,2.63,3.2,21.3853264647669,14.6184738102195,0.245398773006135,39,8,0
23,11212,40.668635,-73.905086,71.9,45213.1294748901,3,1,72,18,1,96,6,88,88,83,85,85,91,5.63380281690141,8.45070422535211,76,2.47,2.75,23.3999496130759,13.7259759121717,48.1049562682216,29,2,0
5,10027,40.815745,-73.9556,81.7,34447.0152544379,6,0,59,39,1,87,42,92,86,90,76,78,86,0,0,82,2.12,1.92,21.7,10.7,50.887573964497,15,0,1
9,10456,40.827748,-73.913773,93.8,28320.6958512397,25,1,33,65,0,90,38,90,93,84,82,80,89,0,0,74,2.1,2,24.8936170212766,11.6,45.0413223140496,21,0,1
13,11216,40.678907,-73.9465,68.9,52376.9860121951,2,1,78,19,1,91,33,84,88,75,85,85,92,0,4.8780487804878,67,2.23,2.1,17.4848484848485,10,44.375,8,0,1
17,11225,40.663676,-73.949034,71.3,44384.413591616,6,1,84,10,1,93,21,85,78,82,70,86,81,4.70588235294118,5.09803921568627,274,2.36,2.32,23.6803278688525,14.8,51.5862068965517,96,6,0
30,11105,40.775893,-73.904564,51.3,62133.9277886179,6,23,4,38,34,95,12,89,89,85,78,73,87,0.261780104712042,8.8,348,2.87,3.03,25.905737704918,16.2,46.3414634146341,170,31,0
8,10473,40.823319,-73.860062,80.2,35479.8353935629,11,2,31,65,1,91,31,86,88,87,81,84,90,0,2.60869565217391,121,2.31,2.33,26.2881355932203,14.7,52.2077922077922,19,1,0
28,11434,40.675061,-73.77561,57.8,63688.8875939033,2,9,77,8,1,94,19,91,99,91,98,85,98,4.3010752688172,4.3010752688172,109,2.37,2.44,22.8709677419355,11,43.042071197411,27,1,0
26,11362,40.762437,-73.734426,20.9,91628.9145704698,2,62,3,12,23,98,4,87,87,83,73,73,83,0,15.0862068965517,309,3.27,3.66,29.0354609929078,17,48.6577181208054,211,79,0
12,10456,40.828715,-73.900452,89.1,26962.88,19,1,35,61,1,91,35,89,90,84,84,78,90,0,3.50877192982456,62,2.15,2.26,24.5,14.1,49.6567505720824,0,0,1
9,10457,40.841242,-73.898492,90.3,28830.61,12,1,53,45,1,88,44,85,77,89,68,80,86,16.2790697674419,0,62,2.28,2.45,20.8117934667846,11.1,47.4605954465849,7,2,0
2,10004,40.705442,-74.012888,56.4,48785.279959596,8,40,9,20,27,96,8,84,93,90,95,85,96,0,16.6666666666667,129,2.77,2.88,32.9459459459459,12.9,52.7272727272727,70,21,0
10,10457,40.854655,-73.897036,91.1,30006.2228238993,36,1,25,72,1,90,35,86,84,82,78,80,88,0,3.57142857142857,190,2.09,1.98,22.9891304347826,11.2,43.9622641509434,17,1,0
21,11224,40.57866,-73.992391,31.1,92840.0884974213,1,28,7,5,54,96,7,88,89,87,86,73,91,1.42045454545455,12.5,429,3.53,3.71,33.9514563106796,18.8,51.2102874432678,336,196,0
20,11204,40.628989,-73.979862,80,40627.41,30,20,2,52,26,94,16,90,89,89,78,81,90,0,6.38297872340426,67,2.46,2.59,21.952380952381,12.6,52.437223042836,14,2,0
8,10472,40.829414,-73.856783,82.1,36416.5381127712,23,20,17,54,7,90,33,89,86,84,77,78,89,0,0,118,2.26,2.26,23.5901639344262,13.4,46.2395543175487,39,1,0
31,10301,40.608441,-74.105262,36.6,67750.03,1,8,20,22,48,95,10,93,92,87,90,80,92,0,5.61797752808989,93,2.83,2.88,25.8181818181818,15.3,46.991622239147,22,3,0
20,11220,40.640773,-74.000808,82.8,27317.1583089245,33,49,1,44,6,95,12,83,80,82,77,67,87,0,18.0778032036613,528,2.42,2.81,30.752380952381,13.8,46.9078947368421,181,43,0
10,10458,40.861305,-73.891283,82.1,34028.773357331,4,5,18,72,2,98,2,91,92,92,86,86,94,0,5.88235294117647,90,2.7,2.66,27.271186440678,14.8,50.7462686567164,64,5,0
20,11219,40.627847,-74.004003,48,64381.0209571083,2,69,1,6,24,98,2,92,91,92,90,76,93,0,51.2345679012346,278,3.83,4.19,26.2131147540984,17.5,52.348224513173,251,236,0
15,11218,40.648155,-73.978583,35.4,77838.4552404367,2,6,15,34,37,96,7,85,91,87,92,86,94,1.01010101010101,5.05050505050505,108,2.82,3.05,25.7176466150539,14.1772613130217,46.7654986522911,24,5,0
19,11208,40.676982,-73.883838,82.3,37908.6432919136,20,5,24,68,1,92,31,91,97,94,94,78,97,1.58730158730159,3.96825396825397,152,2.32,2.31,25.9255319148936,11.2,43.5622317596566,12,0,1
32,11207,40.688922,-73.91033,84.8,29215.843523359,25,1,28,69,2,92,25,88,95,89,92,79,95,0,1.12359550561798,96,2.11,1.95,18.7402597402597,9.8,53.8011695906433,10,0,1
12,10456,40.827387,-73.900529,83.2,31169.4968531998,10,1,32,65,1,93,23,85,89,83,83,81,90,0.87719298245614,0,110,2.23,2.48,22.7556546215708,12.361048272588,53.4704370179949,7,0,1
28,11374,40.712046,-73.861195,39.7,72785.1303022856,2,17,18,39,20,96,7,87,96,85,93,80,93,2.02020202020202,5.05050505050505,127,2.77,2.66,25.5333333333333,12.6,47.8002378121284,21,2,0
29,11434,40.691665,-73.778987,41.9,112521.018225352,0,1,86,3,3,93,27,81,66,81,61,84,80,2.8169014084507,1.40845070422535,74,2.41,2.42,22.3809523809524,17.1,0,0,0,1
3,10025,40.802678,-73.96595,47.7,64570.7060545809,2,6,26,37,26,96,8,83,95,89,93,84,95,3.7037037037037,7.40740740740741,122,3.11,3.23,26,16.1,46.7836257309941,64,15,0
18,11212,40.677469,-73.942071,47.7,62131.5034389954,1,0,97,2,0,97,5,84,89,86,89,85,94,21.6867469879518,18.0722891566265,86,2.67,2.99,24.3919144999484,14.503361007389,48.8262910798122,27,6,0
2,10011,40.743368,-74.002547,40.6,79862.2229957443,3,11,19,35,29,95,11,83,79,82,74,80,86,0,1.28205128205128,96,2.94,2.76,27.625,11.2,36.8600682593857,33,4,0
24,11385,40.705855,-73.902827,67.5,40567.2940659667,15,10,1,71,17,95,16,84,81,84,73,71,90,0,14.7668393782383,378,2.54,2.59,23.2978723404255,14.1,47.6797088262056,78,13,0
10,10457,40.848559,-73.89257,84.3,27272.5962662227,11,15,21,60,3,92,26,84,76,83,69,69,88,1.98863636363636,15.9090909090909,424,2.54,2.59,23.8483412322275,13.2,50.3407155025554,270,46,0
24,11379,40.711906,-73.871298,50,62298.87,8,3,1,50,46,92,33,90,71,88,59,84,80,0,9.52380952380952,75,2.7,2.72,18.1818181818182,12.4,47.3597359735974,12,2,0
16,11221,40.691396,-73.93314,88.4,27485.999139333,3,0,66,32,1,90,36,95,99,92,97,86,97,4.54545454545455,4.54545454545455,81,2.37,2.29,16.1323529411765,10.2,52.2613065326633,9,1,0
27,11692,40.594435,-73.794945,82.5,47183.73,4,1,71,24,2,88,48,90,86,90,77,84,89,0,0,56,2.03,1.99,16.203125,10.8,47.7203647416413,0,0,1
10,10467,40.876823,-73.88124,82.7,35210.8463744244,31,13,13,67,5,89,38,87,79,81,70,74,84,0.454545454545455,4.09090909090909,232,2.16,2.07,25.6082474226804,13.2,44.4283646888567,51,2,0
32,11237,40.697591,-73.913097,66.7,32209.7918850575,2,6,11,77,5,97,8,92,99,96,92,83,98,3.33333333333333,33.3333333333333,59,3.28,3.47,30,23.8,55.4022988505747,22,8,0
8,10455,40.815971,-73.901686,76.4,29665.65,5,0,33,64,1,95,14,90,95,89,88,90,94,0,8.08080808080808,94,2.67,2.87,27.0639254936667,14.7856501295146,98.2587064676617,40,4,0
31,10304,40.620483,-74.080771,70.5,84938.5357142857,3,9,52,31,7,93,23,93,87,91,90,87,91,1.78571428571429,3.57142857142857,68,2.38,2.43,19.1304347826087,11.6,0,18,1,0
30,11372,40.754326,-73.887594,68.2,46989.6050390544,21,8,1,89,2,96,9,87,85,86,74,76,86,0,8.1570996978852,581,2.43,2.57,24.6575757575758,13.6,47.0276633313714,137,12,0
3,10025,40.800512,-73.962802,22.1,94509.5984998597,2,9,8,12,64,96,5,85,83,87,80,84,90,1.99203187250996,6.77290836653386,286,3.46,3.7,28.016393442623,17.2,49.6478873239437,257,174,0
6,10040,40.86082,-73.930066,86.1,34378.8687240143,51,0,3,95,1,93,23,80,83,86,73,90,89,0,2.22222222222222,121,2.13,2.22,21.8813559322034,11.2,50.6451612903226,22,0,1
27,11414,40.659866,-73.835156,30.1,76665.22,2,3,2,35,60,94,13,92,89,88,76,81,90,0,7.27272727272727,76,2.7,2.88,26.375,14.9,51.4749262536873,11,1,0
9,10457,40.839046,-73.90019,75.8,37513.5748084693,7,1,50,48,1,96,10,78,76,78,71,78,83,0,8.33333333333333,114,2.39,2.5,24.8494308013008,13.2294531046573,49.3706293706294,22,2,0
6,10034,40.871567,-73.912337,60.4,50767.71,12,2,3,77,17,95,13,97,96,94,90,86,96,0,21.875,65,2.76,2.86,25.6285714285714,16.5,52.9516994633274,24,8,0
5,10027,40.81064,-73.955847,50.7,40966.580781331,0,12,21,44,20,98,1,87,92,88,90,84,93,17.9775280898876,21.3483146067416,97,3.47,3.73,25.9,15.9,51.7094017094017,42,30,0
30,11101,40.74308,-73.959251,56.3,57665.5836183195,7,16,13,51,18,94,14,88,94,85,97,85,92,0,6.25,141,2.68,2.8,23.6590909090909,12.8,50.3562945368171,65,10,0
27,11694,40.579602,-73.831079,75.5,44012.8200222387,9,2,55,34,8,93,26,94,89,92,90,89,90,2.8169014084507,2.8169014084507,78,2.3,2.16,21.5,11,49.5614035087719,0,0,1
18,11236,40.644044,-73.892737,55.7,62871.1553333333,1,1,90,6,1,96,10,96,98,93,96,89,96,3.84615384615385,5.12820512820513,90,2.49,2.88,22.7546043391111,13.7933486341182,48.8888888888889,21,1,0
20,11204,40.634787,-73.981631,71,-1194.10362318841,10,47,21,19,12,94,21,87,89,88,85,73,90,3.03030303030303,11.5942028985507,77,2.66,2.58,24.5416666666667,12.3,100,24,3,0
25,11367,40.738332,-73.82028,35.4,56351.95,4,53,22,12,10,97,3,87,80,84,74,87,86,6,14,53,3.12,3.38,27.9615384615385,18.9,50.9881422924901,40,16,0
13,11205,40.691059,-73.971016,36.3,63016.09,1,7,39,17,31,95,10,94,96,90,92,91,93,8.7719298245614,8.7719298245614,58,2.82,2.83,30.375,14.6,54.7206165703276,26,8,0
10,10463,40.87984,-73.910788,75.2,69064.16,15,2,23,72,2,92,33,93,92,85,86,88,92,0,3.125,70,2.37,2.55,21.6060606060606,15.9,45.6656346749226,6,0,1
10,10457,40.850163,-73.891656,86.4,25544.48,10,2,29,68,0,91,37,97,90,87,83,83,91,0,0,49,2.35,2.54,22.6,15.8,52.5862068965517,13,1,0
11,10462,40.834056,-73.858543,56.6,43325,8,21,44,34,0,97,4,95,96,91,92,86,94,3.33333333333333,22.2222222222222,90,2.97,3.25,26.3987317995649,15.9125515874506,52.5339925834363,65,17,0
7,10454,40.813507,-73.920477,86.6,26959.667075028,9,0,20,79,1,95,12,84,76,85,71,75,82,0,0,99,2.62,2.68,27.0444444444444,12.9,48.5380116959064,18,2,0
19,11208,40.670064,-73.874556,70.3,52089.3022464512,3,2,76,19,0,95,14,78,71,80,65,79,79,3.8961038961039,6.49350649350649,90,2.3,2.44,22.2227860610233,12.891474770055,38.3720930232558,30,2,0
1,10002,40.7195,-73.979239,25.7,76833.96,0,33,9,11,42,97,3,81,73,85,55,81,74,2.67857142857143,8.57142857142857,136,3.83,4.03,28.9833333333333,18.2,47.923875432526,126,89,0
23,11212,40.666247,-73.91127,86,27808.12,3,1,78,20,0,90,38,96,95,88,86,86,93,0,0,70,2.32,2.25,22.6315789473684,19.3,53.427065026362,10,0,1
12,10460,40.835821,-73.890983,86.5,27441.0706451613,21,1,29,67,2,90,35,85,90,76,87,91,92,0,1.61290322580645,75,2.07,2.15,22.55,13.1,60,0,0,1
27,11420,40.675063,-73.816692,49.5,65671.4672677596,4,24,45,21,2,95,11,90,95,95,91,85,97,2,7.33333333333333,121,2.48,2.46,24,13.5,48.9071038251366,25,2,0
13,11201,40.694639,-73.988307,69.5,2867.59,5,5,71,14,8,91,28,84,89,82,86,73,88,8,4,48,2.36,2.19,25.6875,12.7,100,22,2,0
4,10029,40.796046,-73.944549,72,32322.71,4,1,61,34,2,0,100,94,94,88,87,92,92,40.5940594059406,31.6831683168317,69,3.29,3.89,18.3916961695105,14.9947701581784,50.210970464135,29,19,0
21,11214,40.593624,-73.986144,56.4,57116.9303414634,1,8,24,27,40,93,21,94,98,77,95,72,91,0,2.66666666666667,100,2.61,2.65,22.45,15.8,47.2560975609756,15,1,0
9,10453,40.848521,-73.908447,90,29109.7285409067,41,2,17,80,1,89,39,77,70,80,68,80,84,0,1.98019801980198,175,2.04,2,22.2109375,11,47.3684210526316,0,0,1
9,10452,40.834312,-73.930213,79.8,26912.82,13,0,40,57,1,96,5,77,77,87,70,85,91,0,0,50,2.3,2.46,24.2587319593846,12.9345831444284,51.3461538461538,15,1,0
27,11414,40.657832,-73.844039,19.1,80373.95,0,3,2,19,75,95,11,91,91,88,82,80,92,0,8.57142857142857,83,2.87,3.06,24.3636363636364,10.5,48.9705882352941,14,4,0
29,11413,40.664858,-73.759088,55.7,59057.1729273305,2,1,91,6,1,92,26,84,91,78,90,80,89,0.746268656716418,0.746268656716418,102,2.21,2.13,20.4651162790698,12.2,51.4754098360656,17,0,1
14,11222,40.719769,-73.947968,77.7,46379.5734285714,12,2,22,63,12,92,26,87,77,86,66,82,83,0,2.30769230769231,136,2.25,2.22,21.9861111111111,11.6,39.9470899470899,35,2,0
25,11367,40.735855,-73.823583,45.7,61994.44,15,44,9,32,16,96,13,91,86,90,82,78,88,0,22.2222222222222,74,2.71,2.97,17.5263157894737,9.3,48.2866043613707,29,9,0
12,10460,40.839183,-73.88028,86.7,26979.39,10,2,25,70,1,91,33,85,89,82,86,78,90,1.52671755725191,8.3969465648855,151,2.24,2.36,28.4533333333333,13.7,49.165120593692,28,3,0
10,10463,40.883022,-73.891672,78.6,42357.53,19,7,17,70,4,92,29,85,71,84,63,87,82,1.49253731343284,5.14705882352941,161,2.41,2.41,26.7922077922078,15.1,48.6024844720497,42,3,0
31,10314,40.581969,-74.15936,31.7,70820.3251154684,0,10,7,20,62,95,10,94,88,90,85,76,86,0,9.62962962962963,156,3.03,3.01,27.2537313432836,13.4,54.6840958605665,70,15,0
15,11231,40.679432,-74.001943,63.5,52440.5899214531,7,3,40,45,10,94,17,85,91,85,87,81,93,0,4.76190476190476,89,2.49,2.04,21.469387755102,10.6,48.8954344624448,6,0,1
4,10029,40.792935,-73.947168,72.2,-2644.20657142857,2,9,25,60,4,95,16,90,97,87,92,72,94,0,0,50,2.69,2.54,25.0294117647059,15.6,100,8,1,0
9,10457,40.845324,-73.897392,70.5,86305.9827272727,4,0,58,39,0,94,18,82,86,77,83,85,89,0,1.81818181818182,59,2.21,2.13,22.0714285714286,14.3,0,7,0,1
9,10453,40.849461,-73.915529,87.2,29969.6299477838,39,0,20,79,1,93,25,78,65,82,59,78,79,0,1.85185185185185,171,2.16,2.27,22.078431372549,14.2,48.9754098360656,41,1,0
3,10025,40.791685,-73.97077,77.8,36794.2488233117,19,2,51,38,7,88,38,83,89,80,87,83,91,2.12765957446809,4.25531914893617,48,2.27,2.1,20.8333333333333,8.4,50.7246376811594,11,1,0
18,11203,40.647443,-73.920775,60.6,48280.0828361727,1,0,94,5,1,92,26,89,84,80,82,73,81,3.3175355450237,2.3696682464455,191,2.48,2.3,25.4415584415584,13.5,54.2042042042042,45,2,0
19,11208,40.6573,-73.874138,77.7,42056.3045104603,3,1,72,24,1,91,31,88,96,85,94,77,93,0,0,69,2.27,2.1,26.9166666666667,10.8,45.397489539749,6,0,1
4,10035,40.800631,-73.939323,85,41160.1877560976,11,3,40,56,1,95,15,89,99,88,96,81,94,0,0,48,2.27,2.36,12.4406779661017,12.6,38.4,0,0,1
15,11201,40.685159,-73.993634,71,47579.0681012658,11,5,43,34,16,95,13,83,85,73,79,71,80,0,0,99,2.14,2.01,26.8333333333333,14,44.7784810126582,32,0,1
16,11221,40.68972,-73.925019,69.9,38826.92,2,1,86,12,1,95,14,84,79,81,73,81,86,7.04225352112676,7.04225352112676,63,2.35,2.37,22.9791561518859,12.9297295685827,49.6038034865293,23,2,0
11,10470,40.899321,-73.867223,35,62840.53,8,4,8,28,59,95,9,96,96,89,94,83,95,0,15.2542372881356,46,2.81,2.98,26.2903225806452,16,47.7495107632094,24,8,0
11,10469,40.862563,-73.859202,73.7,42125.55,21,7,22,54,17,93,22,88,85,82,82,78,87,1.77514792899408,2.9585798816568,159,2.3,2.29,30.4705882352941,17.2,50.3875968992248,25,1,0
30,11369,40.757692,-73.874171,55.4,53320.9420923427,5,14,10,48,27,97,6,94,96,90,93,75,95,0,15.0990099009901,460,2.91,3.2,25.4763948497854,17.3,51.4501891551072,206,47,0
3,10025,40.79909,-73.965359,76.7,41389.2694249888,5,2,52,39,5,92,25,90,97,83,94,86,94,1.81818181818182,1.81818181818182,74,2.31,2.45,23.0857142857143,11.7,50.2463054187192,21,1,0
3,10025,40.791685,-73.97077,73,45375.9486346295,3,2,45,43,11,94,15,96,96,87,94,82,93,1.49253731343284,2.98507462686567,59,2.41,2.5,24.1081081081081,12,47.085201793722,11,0,1
21,11214,40.604847,-73.994746,60.8,46865.8055805149,13,18,3,29,49,95,16,85,75,82,69,67,78,0,5.63380281690141,99,2.77,2.67,25.7241379310345,15.7,50.2123142250531,19,2,0
18,11203,40.654737,-73.940641,52,48361.64,1,2,93,2,2,95,11,92,94,86,90,83,93,0,27.6785714285714,91,3.05,3.1,28,17.5,54.3859649122807,89,30,0
9,10456,40.833708,-73.903937,92.9,26378.8337727273,31,1,37,61,1,90,35,82,66,81,63,70,79,0,0,107,1.98,1.92,18.8080808080808,8.9,43.4659090909091,7,0,1
24,11101,40.742708,-73.936328,51.3,51745.2799548872,4,22,5,61,12,96,4,91,90,87,86,68,91,0,14.2857142857143,50,3.21,3.28,29.12,17.1,45.4135338345865,35,10,0
11,10475,40.873204,-73.832178,50.4,62238.8326254736,1,3,69,23,3,95,13,87,94,86,90,94,94,8.66425992779783,7.94223826714801,305,2.71,2.71,25.5849056603774,15.8,54.6487603305785,151,20,0
12,10456,40.827387,-73.900529,83.5,33935.8642990586,12,2,21,77,0,94,13,93,97,91,96,87,96,0,0,83,2.34,2.33,19.0185185185185,12.4,47.3229706390328,0,0,1
31,10302,40.623011,-74.145295,60.4,53376.8350540179,8,6,22,44,27,91,29,85,86,80,80,77,88,0.279329608938547,2.12765957446809,436,2.47,2.32,24.5961538461538,13.8,50.4182509505703,101,6,0
13,11205,40.694425,-73.971627,70.1,51058.0437114428,7,2,65,28,4,93,22,74,78,76,70,82,84,1.28205128205128,2.56410256410256,76,2.27,2.11,24.6764705882353,9.7,44.2786069651741,17,0,1
27,11416,40.684802,-73.847569,60.2,55808.1682812535,13,28,6,61,3,93,23,86,87,82,76,75,89,0.350262697022767,9.80735551663748,640,2.58,2.67,26.6212871287129,15.3,47.1276595744681,169,19,0
8,10465,40.826997,-73.818271,63.9,55324.7665679758,6,4,10,69,18,92,31,74,80,81,57,78,81,0,0,115,2.28,2.22,21.830985915493,12.6,45.619335347432,21,0,1
4,10029,40.797156,-73.941285,88.5,26905.07,12,4,26,67,2,92,28,92,85,85,81,82,91,2.1978021978022,4.3956043956044,99,2.46,2.57,26.7894736842105,12,49.2665036674817,20,1,0
23,11212,40.666247,-73.91127,80,42071.893718593,1,0,81,16,1,92,31,96,99,92,97,86,96,0,0,69,2.26,2.35,19.4081632653061,11.1,47.2361809045226,10,0,1
8,10459,40.820398,-73.892938,85.3,27094.8693477222,14,1,22,76,1,92,29,81,84,79,82,75,91,0,1.21951219512195,85,2.24,2.15,25.2553191489362,13,53.8102643856921,0,0,1
13,11216,40.681896,-73.945611,67.3,41399.29,2,1,87,9,1,96,12,92,89,94,83,87,94,20.8955223880597,20.8955223880597,85,2.79,3.3,23.669902520383,15.3710319343069,51.9421860885276,56,17,0
5,10031,40.819764,-73.95724,88.1,25527.4629230769,11,1,52,43,3,91,27,83,79,81,75,78,87,0,0,66,2.08,1.94,18.7659574468085,7.2,54.6153846153846,11,0,1
9,10453,40.841563,-73.929604,88.5,26911.2479371143,20,1,35,63,1,90,38,78,65,83,63,81,81,0,1.20481927710843,83,2.1,1.99,19.2857142857143,8.1,53.2520325203252,0,0,1
24,11373,40.737333,-73.866404,68.8,27835.8044045768,7,19,10,67,3,97,4,88,77,82,73,77,87,3.92156862745098,26.4705882352941,86,2.86,3.21,25.9403828663865,15.5688104773207,56.1097256857855,41,14,0
18,11236,40.642544,-73.90803,53.8,57512.74,4,1,90,5,0,96,10,83,81,78,79,84,87,3.44827586206897,3.44827586206897,64,2.28,2.5,22.5588135956471,12.7030426247301,49.0808823529412,23,1,0
30,11103,40.759518,-73.912499,60.5,49812.331472212,12,23,6,52,18,94,15,93,95,88,88,70,93,0,7.27272727272727,250,2.59,2.76,24.1310344827586,14.5,45.4790823211876,56,8,0
32,11237,40.706871,-73.92002,84.5,31773.8816030534,21,2,3,92,2,91,31,89,83,84,78,77,86,0,0.763358778625954,161,2.23,2.23,22.289156626506,10.1,50,8,0,1
31,10301,40.634527,-74.097992,71.7,37720.1325331019,9,5,34,44,16,91,29,81,85,81,75,74,86,1.62162162162162,1.62162162162162,325,2.45,2.32,23.1421568627451,13.4,54.5361875637105,40,2,0
13,11217,40.676626,-73.977783,55.5,64025.89,4,3,59,25,9,92,26,89,78,82,75,89,86,0,0,100,2.52,2.51,23.141406987876,13.0553127046082,47.4393530997305,38,0,1
13,11205,40.689626,-73.961094,63.5,42161.63,2,0,80,15,1,95,16,83,84,79,80,90,87,4.54545454545455,2.27272727272727,49,2.43,2.65,22.6345139940988,13.1891004704313,50.1234567901235,17,1,0
2,10011,40.706563,-74.017528,11.4,140085.12,2,21,4,11,56,96,8,92,94,88,92,90,93,0,1.12359550561798,84,3.16,3.32,30.2222222222222,13.4,47.7629987908102,56,16,0
29,11428,40.720412,-73.746572,43.5,68573.5158297468,10,33,40,21,4,94,16,89,86,78,82,72,86,1.42348754448399,4.27046263345196,346,2.53,2.55,25.6744186046512,16.6,48.7364620938628,117,8,0
8,10465,40.826997,-73.818271,56,55750.1348648648,3,5,15,59,21,93,25,88,87,87,82,76,87,0,8.10810810810811,112,2.74,2.47,25.36,16.4,48,39,4,0
7,10451,40.821611,-73.916768,89.1,23911.23,13,3,28,67,1,91,35,90,91,92,81,84,93,0,0,82,2.12,2.12,20.936170212766,12.1,47.3484848484849,10,0,1
16,11221,40.687938,-73.932378,82.6,30850.7545072231,10,2,63,25,3,86,46,97,93,86,92,80,91,8.57142857142857,10.7142857142857,87,2.43,2.42,19.5277777777778,12.3,47.940074906367,19,3,0
1,10002,40.719935,-73.991656,70.7,10268.7336852501,7,22,24,52,2,95,15,0,0,0,0,0,0,0,13.6986301369863,71,2.37,2.85,24.539097722907,13.0013851278033,46.5116279069767,27,4,0
